Temp,Voltage
873.15,0.000396304
973.15,0.00148472
1073.15,0.004959943
1173.15,0.015024202
