Temp,Voltage
773.15,0.00008985
873.15,0.001524646
973.15,0.007533431
1073.15,0.032843497
1173.15,0.107511607
1273.15,0.283403519
1373.15,0.674652456
1473.15,1.420364802
