Temp,Voltage
523.15,0.000595471
548.15,0.001657706
573.15,0.003666374
598.15,0.007227012
623.15,0.01363284
673.15,0.041961975
723.15,0.109568993
773.15,0.253204227
